TAG;FAVORITES
big breasts;153894170
sole male;137319314
sole female;135386388
nakadashi;111815576
stockings;87056440
group;87050235
blowjob;81736297
anal;70905768
schoolgirl uniform;62531178
ahegao;60372868
lolicon;57981113
glasses;55817842
shotacon;48202598
x-ray;47824390
incest;47079129
milf;45823975
defloration;45447711
rape;43228199
mosaic censorship;42445868
full color;40180677
dark skin;37882487
paizuri;37783500
multi-work series;35417593
ffm threesome;34370209
impregnation;33817614
femdom;32232757
netorare;31983356
sweating;31194131
cheating;31092487
double penetration;30320168
hairy;29375907
bondage;29150756
big penis;28292887
ponytail;28228031
swimsuit;27997133
dilf;26661204
big ass;26024256
sex toys;25455054
twintails;24677945
sister;24161643
collar;23581272
unusual pupils;22895134
tankoubon;22700612
bbm;22183858
mind break;22167744
bikini;20883067
pantyhose;20804628
schoolboy uniform;20101728
full censorship;19584355
virginity;19081054
condom;18738346
mind control;17933889
uncensored;17919666
harem;17740191
teacher;17491204
mmf threesome;16971066
exhibitionism;16734746
story arc;16461012
lingerie;16373427
beauty mark;16152861
lactation;15861300
futanari;15325302
masturbation;14692126
mother;14600997
huge breasts;14505037
muscle;14392864
kemonomimi;13745954
kissing;13507247
prostitution;13085281
handjob;12939905
crossdressing;12690205
tomgirl;12436790
pregnant;12104796
gyaru;12044945
blackmail;11961168
yaoi;11684926
footjob;11621446
drugs;11615479
garter belt;11192554
maid;11067043
tanlines;11024401
gloves;10453269
bbw;10153713
filming;9983325
stomach deformation;9874875
yuri;9789936
cunnilingus;9735136
small breasts;9712452
males only;9710093
fingering;9676778
urination;9459955
deepthroat;9386398
demon girl;9170016
rimjob;9166547
elf;8546279
big areolae;8516393
inseki;8367705
blindfold;8251031
tomboy;8210302
tentacles;8082008
inverted nipples;8022434
catgirl;7756731
sleeping;7302056
piercing;7286953
kimono;7257392
bukkake;7067660
horns;6974723
inflation;6734977
leg lock;6616304
gender bender;6570081
blowjob face;6532355
monster girl;6303976
bald;6226654
thigh high boots;6182547
bunny girl;6147846
squirting;6146966
daughter;5985187
cervix penetration;5984850
tail;5956753
business suit;5845062
gag;5841380
drunk;5627518
leotard;5428773
monster;5352663
tall girl;5214669
hidden sex;5087009
breast feeding;4985865
crotch tattoo;4984295
oyakodon;4951818
bloomers;4807217
slave;4791863
anthology;4756344
smell;4733017
bisexual;4640219
gokkun;4523141
females only;4465101
dick growth;4461691
sole dickgirl;4356440
hotpants;4331071
hairy armpits;4298156
apron;4280557
school swimsuit;4058272
facesitting;3992711
oppai loli;3969741
bodysuit;3704167
bestiality;3671541
prostate massage;3646913
fox girl;3595166
orgasm denial;3579935
tail plug;3506614
yandere;3463847
voyeurism;3460707
cousin;3443306
scat;3433225
old man;3418449
birth;3322994
corruption;3307455
breast expansion;3288136
tracksuit;3278759
latex;3229049
strap-on;3148905
bike shorts;3145085
dickgirl on dickgirl;3096930
aunt;3070056
chikan;3024693
cosplaying;3021450
oni;3020824
smegma;3012531
humiliation;2989876
spanking;2988395
dickgirl on male;2973569
emotionless sex;2961265
hair buns;2948596
gyaru-oh;2858816
nurse;2830345
piss drinking;2818265
big nipples;2787170
urethra insertion;2770895
snuff;2760711
military;2711952
twins;2709904
sumata;2708268
tiara;2706772
swinging;2641451
transformation;2636977
masked face;2541271
enema;2535742
wings;2533346
widow;2524162
foot licking;2519114
freckles;2519090
bdsm;2447116
chloroform;2402139
triple penetration;2398512
niece;2305100
poor grammar;2300374
male on dickgirl;2293459
magical girl;2251135
fisting;2243299
pixie cut;2229204
pasties;2222986
double vaginal;2215495
miko;2181228
feminization;2179267
ryona;2170793
shibari;2157738
asphyxiation;2104594
gaping;2096133
armpit licking;2066270
low lolicon;2060462
body writing;2057924
tall man;2052044
tutor;2037919
nipple fuck;2037625
pegging;2018134
already uploaded;2015430
ball sucking;1995036
public use;1992120
replaced;1962052
incomplete;1948863
randoseru;1913795
cheerleader;1904671
no penetration;1887393
shemale;1880874
possession;1871554
nun;1843529
facial hair;1831189
human pet;1813997
fishnets;1809537
body modification;1805694
small penis;1785019
cumflation;1762631
large insertions;1749890
long tongue;1724780
double blowjob;1723538
phimosis;1713041
coach;1709810
clothed paizuri;1704994
cowgirl;1698811
huge penis;1692799
orc;1684013
moral degeneration;1660103
bride;1648337
multiple paizuri;1644134
blood;1637190
leash;1635554
onahole;1625914
lab coat;1614303
webtoon;1591819
eyepatch;1587235
prolapse;1581729
dog girl;1575316
age regression;1564516
vomit;1559335
shimapan;1539078
corset;1533212
chastity belt;1499841
waitress;1495911
assjob;1495037
clothed female nude male;1474015
sundress;1472741
focus anal;1465989
scar;1460036
milking;1450462
shimaidon;1446091
age progression;1441138
witch;1428709
domination loss;1417129
unusual teeth;1409601
cbt;1391683
eggs;1386778
stuck in wall;1364698
eyemask;1339941
tribadism;1337503
ghost;1336446
torture;1315090
demon;1281335
nose hook;1277930
armpit sex;1274005
very long hair;1261846
dog;1240224
thick eyebrows;1230584
double anal;1228668
josou seme;1226618
sunglasses;1223245
frottage;1218876
artbook;1214705
kunoichi;1211771
pubic stubble;1185697
layer cake;1170623
chinese dress;1169845
big clit;1149358
solo action;1146948
guro;1145868
robot;1115865
amputee;1105912
parasite;1084399
christmas;1082115
cum swap;1078696
time stop;1073752
oil;1071447
metal armor;1056096
body swap;1040616
big balls;1040374
bandages;1038774
dickgirls only;980188
vampire;964418
dark sclera;956937
vore;955475
wet clothes;944312
human cattle;941239
anal intercourse;939785
vtuber;930281
horse;922169
compilation;912888
gymshorts;884495
petplay;859250
saliva;859120
wolf girl;827511
machine;825331
big lips;819604
all the way through;800954
scanmark;797118
goblin;791288
selfcest;790662
fundoshi;776581
farting;774474
slime;764948
brother;756496
low shotacon;748698
soushuuhen;737564
snake girl;734254
forbidden content;722750
underwater;712060
angel;708595
wormhole;703137
giantess;692463
shaved head;685273
mouth mask;680508
catboy;669030
clothed male nude female;667499
harness;652662
closed eyes;646768
gothic lolita;626239
bodystocking;616855
glory hole;612384
drill hair;609333
tickling;607919
vaginal sticker;607323
zombie;605758
dougi;598233
large tattoo;597878
pig;595290
mtf threesome;594847
multiple penises;570665
slime girl;563101
diaper;560716
pillory;553795
full body tattoo;552831
policewoman;537142
mecha girl;535202
clit growth;531009
first person perspective;528830
brain fuck;516215
crown;508604
living clothes;507358
low bestiality;502859
ttf threesome;502335
insect;498873
shared senses;491094
multimouth blowjob;489963
invisible;486064
unbirth;484673
dark nipples;459819
heterochromia;448149
low scat;441863
miniguy;430439
midget;427881
lizard girl;426839
electric shocks;414346
infantilism;414322
tights;408933
butler;400786
centaur;396390
minigirl;395894
coprophagia;388842
clone;381298
tailjob;378444
pantyjob;375097
ttm threesome;374515
smoking;374410
pig man;371917
mermaid;369581
petrification;361459
fairy;357657
hairjob;353776
absorption;352721
goudoushi;349413
autofellatio;347943
bunny boy;345423
body painting;335934
insect girl;323489
mesuiki;322102
wrestling;318435
out of order;316488
dragon;316175
makeup;311722
eye-covering bang;302292
watermarked;302046
harpy;297527
whip;285650
forced exposure;282048
skinsuit;278920
cashier;272662
fft threesome;267467
grandmother;259918
plant girl;254678
syringe;242023
doll joints;240898
catfight;240342
clamp;239753
minotaur;235786
sheep girl;235643
comic;235212
pig girl;235122
missing cover;230656
father;229342
focus blowjob;228170
forniphilia;219279
tube;217981
weight gain;214263
multiple arms;213256
horse cock;212517
table masturbation;208567
nipple expansion;208177
prehensile hair;207012
spider girl;206822
stewardess;206617
squid girl;203812
shrinking;194907
growth;193010
nudity only;190304
raccoon girl;188895
alien;184857
big vagina;184208
dog boy;182888
alien girl;181773
speculum;181602
fox boy;175148
gigantic breasts;173337
scrotal lingerie;172085
anorexic;171469
blind;164342
triple vaginal;161136
wolf boy;159409
granddaughter;158832
nijisanji;158037
anal birth;157919
stretching;154322
octopus;153120
omorashi;146475
redraw;140722
uncle;140062
waiter;140002
autopaizuri;138002
furry;136308
policeman;133806
ear fuck;132680
multiple breasts;130059
ninja;129402
necrophilia;127706
wooden horse;127660
priest;127466
mmm threesome;127448
mouse girl;126333
human on furry;125249
old lady;124975
stirrup legwear;124958
mmt threesome;122067
wolf;120285
cannibalism;115328
abortion;114934
artistcg;114651
miyamoto smoke;114378
balls expansion;113431
phone sex;110232
cum bath;110062
navel fuck;109417
ass expansion;108271
cum in eye;106094
race queen;95622
variant set;95429
hololive;93894
bandaid;93303
menstruation;93225
dicknipples;91976
nipple birth;91301
sample;91122
unusual insertions;91066
pirate;90636
bull;90485
trampling;89311
giant;86808
balljob;85433
pole dancing;85174
snake;84018
horse boy;79582
kindergarten uniform;75206
sarashi;73597
multiple orgasms;73178
a kyokufuri;71947
worm;70721
slug;69059
nose fuck;68520
squirrel girl;68301
cuntboy;67279
burping;67172
western;66702
fff threesome;66313
triple anal;65193
tuna empire;64344
horse girl;59401
animated;58600
handicapped;58506
animegao;58146
foot insertion;57910
vacbed;57071
kappa;55410
cowman;49985
frog;49718
non-h;48839
mature;48132
gasmask;46919
shark girl;46066
monoeye;45433
gorilla;43030
apparel bukkake;42007
bee girl;41224
monkey;41193
breast reduction;40754
tailphagia;39595
kigurumi;39219
focus paizuri;38600
kakucho parts;38104
virginneko;37729
bear;37196
internal urination;36101
multipanel sequence;34100
multiple straddling;32192
mine mura;30759
sketch lines;30476
merman;29380
ponygirl;27858
akigami satoru;25271
haigure;23932
eye penetration;23920
aji ponntarou;23316
eel;22738
headphones;21332
chiyou yoyuchi;21230
ttt threesome;20593
widower;19698
mitsume no mitsumame;17006
yoikorogashi;17006
3d;15654
haruharu dou;15064
spider;14841
taimanin;12327
kiyomiya ryou;12131
great akuta;11787
shimon ryuushirou;11755
misakitou;11446
yuuki chizuco;11189
mute;11041
nazi;10917
clit insertion;10551
cockslapping;9523
school gym uniform;9159
miki hime;9004
kneepit sex;8867
legjob;8767
mesugaki;7665
doujinshi;7534
lacatation;7466
big muscles;7453
cervix prolapse;7198
adventitious vagina;7183
lizard guy;6837
mikoshiro nagitoh;6695
grandfather;6530
raccoon boy;6347
bankoku ayuya;6225
penis birth;6072
ishoku dougen;5973
ari and mura;5533
mochinchi;5453
mashi miyuki;5376
western cg;5166
kazefuki poni;4945
hood;4918
imageset;4812
tawashi;4805
melonbooks;4738
akaimelon;4709
shuroop;4679
multiple handjob;4637
headless;4330
cow;4163
hijab;4146
turisasu;4067
ayashi yachiyo;4066
honjou tatami;4043
bat girl;4041
rairu tobaru;3991
jikken b-tou;3933
denki anma;3835
levi;3639
wajima24;3575
misc;3355
otter girl;3350
ssbbw;3311
ssbbm;3304
shuhan;3285
adventitious penis;3260
oosaki;3243
bonbi;3239
dorachefu;3220
ayase mio;3074
onaka pants koubou;3024
momomo gasshuukoku;2958
seisha ryuso;2942
kudou maimu;2894
tomikadou;2723
hanairo spoon;2717
cuntbusting;2630
hacka doll no.0;2617
tomatorice;2589
aoto kage;2586
analphagia;2495
ryuuguu;2484
sockjob;2454
yutto prime;2388
shirasaki karu;2298
5505 project;2250
ryuusei;2233
chinpan;2199
tatsuka;2178
hirotake neo;2163
totoyama keiji;2115
mori tanishi;2077
tanizoko jikkenshitsu;2077
monkey girl;2076
mahomaho;2068
mahomaho koubou;2068
syunka kikaku;1991
syunkarow;1991
mentoru;1967
uyuu;1927
nishiki ai;1923
youngster;1923
panda girl;1921
rasenkyofukaku;1867
dakimakura;1854
caption;1826
reizouko oolong;1760
reizouko uron;1760
dummy kaiko;1742
qow;1689
hirobi;1687
tonarino esuichi;1682
dolphin;1664
tornado;1660
bear girl;1647
bunbuku nagi;1647
yukkuri;1619
albino;1575
fliming;1511
deer girl;1500
salome;1476
wada wau;1439
siruto;1426
masturbtion;1408
shiki be careful;1390
zinkurou;1358
sheep boy;1346
mujin hangetsuban bakudan;1341
frog girl;1308
unicorn;1281
eruu;1213
sudou raikuu;1181
yo o shinobu;1171
onigunsow;1164
shio oninko;1164
rudeus greyrat;1155
feng min;1112
gakuen saimin reido;1081
ariyuuji;1067
ariyuzi;1067
hogback;970
demia duodectet;948
thies;948
western imageset;948
rayzhai;926
maturbation;924
tasomorera;922
hatten tojounin;911
a.w.u;906
gijinka;889
mashumaro;884
multiple footjob;858
totorina;855
nakamura kafka;853
circle ojisan;852
dismantling;849
western non-h;849
adventitious mouth;841
stealthcraftwork;831
how to;827
seinyanko gakuen;823
vorevore;821
satotsuki chiyo;798
osenbei no mori;789
hoshina shinya;772
mouse boy;750
masaru;748
nyowawa;748
masani sadakichi;718
fox;717
sway;714
ak-alfa;704
maggot;698
shiokaze toride;696
ero hige circle;693
pai genji;680
story circle;670
dinosaur;666
vorefection;664
hiropons;624
hiramedousa;623
kyun ja;598
tarcho;598
kakunini;596
biscuitone;594
seishokuki;591
aumann;584
aumanzureedus;584
kokumaro chouseitounyuu;584
tokakukaku;569
skeb;552
gamanuntaka;548
murai toyo;548
deluxe kougyou;547
gyoumuin a;547
cappuccino;511
doujinharuga;503
circle takaya;495
tranformation;490
ryoko yoshida;454
silk koharuno;451
vivienne ohtori;451
donmaikingdom;426
mokko;426
yariyo;426
gan sukii;412
low guro;411
kouboku;394
mizuiro penra;383
yakumo ryojin;356
dan oniroku;355
oishinbo;347
kien-biu;336
little note;319
reptile;319
suzunashi rei;319
aburitoro salmon o kawari;312
kitaichi naco;296
natsukawa kagari;296
cockphagia;295
okmonook;291
dogaya;280
misuke;256
hatomame coffee;241
mame hikouki;241
megumi fushiguro;239
sukuna;239
realporn;230
yurayura;227
takasaki jiro;225
qiujun;222
turtle;208
sunbulkyn;205
stealth koubou;203
fuziemon;200
shiromaru;194
sekigetsu meguru;191
wakiyaku ni koso ai;191
tonari toyama;190
shade no urahime;186
afks;158
uchuu-jin tanaka tarou;155
kamenoashi;151
gomuta;148
sugu owaru.;148
yumiko;141
nego blood;137
straitjacket;132
fujii kasai;128
chikumaya;125
tomoshibi;122
walkure;106
near;104
fujii tooru;102
moriyama inu;98
koyama hayato;96
hako no naka no imaginary;93
parareyukicchu;85
shizukuno reyu;85
fujiwarake;79
masuta;79
time travel tondekeman;76
capsaicin;73
futaba channel;73
kazaoka;73
kuremente;73
shioimo;73
sokushi;73
tasuke seinyuu;73
tenkoinu;73
torotei;73
tsuruga;73
unya;73
unyakun;73
ayase mizuki;71
togishiro yoshitaka;71
ishihara norihiro;70
murakami harumasa;70
tachibana ruri;69
yorozu company;69
taiyou no nishi;68
muscle growth;67
loon koubou;65
tori seisakusho;64
kozakura nagiha;63
nagise yuito;63
artist torika;59
carter;59
micchi;59
salad oil;59
shiga hanako;59
yukino makoto;59
toorisugari kari;55
ore teki doremi e;54
mash.;53
mashiba kenta;53
insect boy;50
fujishima kousuke fx;49
niwaka daimyou;47
arurukaana7a;46
haru-chan kikaku;45
matsushima aiko;45
wsplus;44
enami nao;43
shizaki tsukiyo;43
mugen murasaki;36
funasshi;35
chitsu kara liver;32
maripaka;31
tokyo kumitaisou-gumi;30
okemaruta;28
kuki isu;27
shirasaka miyu;26
juki kazu;25
kouun ryuusui;25
asatsuki aoi;23
myuu;23
puppen;22
maou dante;21
moomin;21
shiragi mana;21
yongo;21
arisawa touta;19
missile sisters;15
karmin;14
gg top;9
afro;8
dr.mad;8
nagahama kenji;8
