lolicon;57981113
catgirl;7756731
gymshorts;884495
big breasts;153894170
rape;43228199
schoolgirl uniform;62531178
group;87050235
shotacon;48202598
blowjob;81736297
sex toys;25455054
yuri;9789936
incest;47079129
glasses;55817842
netorare;31983356
defloration;45447711
dilf;26661204
swimsuit;27997133
apron;4280557
waitress;1495911
bloomers;4807217
masturbation;14692126
mmf threesome;16971066
tracksuit;3278759
small breasts;9712452
anal;70905768
bondage;29150756
dark skin;37882487
double penetration;30320168
futanari;15325302
milf;45823975
incomplete;1948863
business suit;5845062
femdom;32232757
sleeping;7302056
drugs;11615479
tankoubon;22700612
paizuri;37783500
chloroform;2402139
nun;1843529
glory hole;612384
strap-on;3148905
cunnilingus;9735136
public use;1992120
nakadashi;111815576
hairy;29375907
bunny girl;6147846
fingering;9676778
sister;24161643
teacher;17491204
kunoichi;1211771
nurse;2830345
urethra insertion;2770895
facesitting;3992711
rimjob;9166547
dickgirl on male;2973569
ffm threesome;34370209
pantyhose;20804628
bdsm;2447116
demon girl;9170016
stockings;87056440
chinese dress;1169845
replaced;1962052
gag;5841380
tribadism;1337503
full censorship;19584355
maid;11067043
story arc;16461012
handjob;12939905
big ass;26024256
lab coat;1614303
lingerie;16373427
mind break;22167744
big penis;28292887
garter belt;11192554
foot licking;2519114
ahegao;60372868
underwater;712060
bikini;20883067
exhibitionism;16734746
bukkake;7067660
scat;3433225
pegging;2018134
enema;2535742
mother;14600997
shemale;1880874
gaping;2096133
tomgirl;12436790
spanking;2988395
double vaginal;2215495
x-ray;47824390
footjob;11621446
fisting;2243299
bbm;22183858
cbt;1391683
old man;3418449
humiliation;2989876
crossdressing;12690205
chikan;3024693
pregnant;12104796
big nipples;2787170
huge breasts;14505037
breast expansion;3288136
age progression;1441138
giantess;692463
chastity belt;1499841
cheating;31092487
kimono;7257392
latex;3229049
urination;9459955
bride;1648337
daughter;5985187
christmas;1082115
age regression;1564516
collar;23581272
oni;3020824
transformation;2636977
miko;2181228
guro;1145868
piss drinking;2818265
anthology;4756344
lactation;15861300
oyakodon;4951818
sole female;135386388
school swimsuit;4058272
schoolboy uniform;20101728
sole male;137319314
bodysuit;3704167
full color;40180677
piercing;7286953
corset;1533212
inflation;6734977
dick growth;4461691
females only;4465101
sunglasses;1223245
mosaic censorship;42445868
sundress;1472741
ball sucking;1995036
condom;18738346
impregnation;33817614
shibari;2157738
ishoku dougen;5973
gokkun;4523141
harem;17740191
birth;3322994
bike shorts;3145085
parasite;1084399
tentacles;8082008
filming;9983325
mtf threesome;594847
eyemask;1339941
muscle;14392864
tall man;2052044
masked face;2541271
voyeurism;3460707
multi-work series;35417593
artbook;1214705
nipple fuck;2037625
big areolae;8516393
blindfold;8251031
dicknipples;91976
huge penis;1692799
gender bender;6570081
blackmail;11961168
bestiality;3671541
snake;84018
foot insertion;57910
male on dickgirl;2293459
low lolicon;2060462
snuff;2760711
twins;2709904
shimapan;1539078
sumata;2708268
cheerleader;1904671
pantyjob;375097
dickgirl on dickgirl;3096930
frottage;1218876
hairy armpits;4298156
inverted nipples;8022434
slug;69059
dog;1240224
leotard;5428773
robot;1115865
uncensored;17919666
blood;1637190
bull;90485
cervix penetration;5984850
milking;1450462
cowgirl;1698811
fox girl;3595166
sole dickgirl;4356440
non-h;48839
yaoi;11684926
solo action;1146948
alien;184857
bandages;1038774
stomach deformation;9874875
multiple paizuri;1644134
tanlines;11024401
large insertions;1749890
double anal;1228668
prostitution;13085281
angel;708595
vomit;1559335
triple penetration;2398512
deepthroat;9386398
monster;5352663
tube;217981
all the way through;800954
vore;955475
human pet;1813997
tiara;2706772
slave;4791863
prostate massage;3646913
bbw;10153713
virginity;19081054
ryona;2170793
eyepatch;1587235
elf;8546279
infantilism;414322
diaper;560716
coprophagia;388842
dog girl;1575316
fairy;357657
cum swap;1078696
amputee;1105912
thigh high boots;6182547
body modification;1805694
horse;922169
big clit;1149358
magical girl;2251135
insect;498873
torture;1315090
squirting;6146966
smoking;374410
armpit sex;1274005
mind control;17933889
farting;774474
smegma;3012531
great akuta;11787
stewardess;206617
inseki;8367705
wings;2533346
vampire;964418
cosplaying;3021450
monster girl;6303976
doll joints;240898
pig;595290
hotpants;4331071
slime;764948
witch;1428709
time stop;1073752
hairjob;353776
ttf threesome;502335
breast feeding;4985865
autofellatio;347943
body painting;335934
tuna empire;64344
selfcest;790662
sweating;31194131
frog;49718
scanmark;797118
shared senses;491094
necrophilia;127706
zombie;605758
gyaru;12044945
bisexual;4640219
body swap;1040616
missing cover;230656
military;2711952
corruption;3307455
speculum;181602
wooden horse;127660
nose hook;1277930
widow;2524162
demon;1281335
males only;9710093
asphyxiation;2104594
tall girl;5214669
policewoman;537142
tickling;607919
menstruation;93225
ttm threesome;374515
multiple breasts;130059
machine;825331
catboy;669030
smell;4733017
drunk;5627518
anorexic;171469
forniphilia;219279
eggs;1386778
mashi miyuki;5376
multiple penises;570665
miki hime;9004
harpy;297527
minotaur;235786
armpit licking;2066270
possession;1871554
cum in eye;106094
monkey;41193
worm;70721
gorilla;43030
octopus;153120
forbidden content;722750
tomboy;8210302
western;66702
prehensile hair;207012
dog boy;182888
orgasm denial;3579935
feminization;2179267
saliva;859120
wormhole;703137
prolapse;1581729
already uploaded;2015430
swinging;2641451
electric shocks;414346
table masturbation;208567
human cattle;941239
cousin;3443306
oppai loli;3969741
fox boy;175148
dougi;598233
living clothes;507358
shrinking;194907
unbirth;484673
aunt;3070056
out of order;316488
gothic lolita;626239
body writing;2057924
wolf girl;827511
compilation;912888
low bestiality;502859
onahole;1625914
handicapped;58506
full body tattoo;552831
bunny boy;345423
scar;1460036
stretching;154322
orc;1684013
cum bath;110062
freckles;2519090
crotch tattoo;4984295
metal armor;1056096
pubic stubble;1185697
wolf;120285
niece;2305100
long tongue;1724780
first person perspective;528830
tail plug;3506614
yandere;3463847
tights;408933
triple anal;65193
autopaizuri;138002
bodystocking;616855
ghost;1336446
ninja;129402
poor grammar;2300374
mecha girl;535202
miyamoto smoke;114378
mmt threesome;122067
nipple expansion;208177
syringe;242023
blind;164342
emotionless sex;2961265
whip;285650
coach;1709810
mermaid;369581
imageset;4812
alien girl;181773
clit growth;531009
absorption;352721
bear;37196
cannibalism;115328
eel;22738
triple vaginal;161136
wrestling;318435
nazi;10917
oil;1071447
mikoshiro nagitoh;6695
fundoshi;776581
policeman;133806
phimosis;1713041
pasties;2222986
vaginal sticker;607323
bandaid;93303
invisible;486064
tutor;2037919
artistcg;114651
minigirl;395894
waiter;140002
stuck in wall;1364698
bee girl;41224
pirate;90636
pole dancing;85174
snake girl;734254
father;229342
brother;756496
goblin;791288
heterochromia;448149
kissing;13507247
layer cake;1170623
cashier;272662
cuntboy;67279
blowjob face;6532355
randoseru;1913795
granddaughter;158832
butler;400786
shimon ryuushirou;11755
double blowjob;1723538
nose fuck;68520
big balls;1040374
miniguy;430439
eye penetration;23920
weight gain;214263
squirrel girl;68301
watermarked;302046
leg lock;6616304
unusual pupils;22895134
vacbed;57071
catfight;240342
crown;508604
pig girl;235122
dragon;316175
midget;427881
slime girl;563101
giant;86808
assjob;1495037
dark nipples;459819
anal birth;157919
bankoku ayuya;6225
phone sex;110232
pillory;553795
low shotacon;748698
brain fuck;516215
moral degeneration;1660103
skinsuit;278920
wolf boy;159409
pig man;371917
tailjob;378444
fft threesome;267467
human on furry;125249
priest;127466
abortion;114934
nipple birth;91301
plant girl;254678
centaur;396390
grandmother;259918
race queen;95622
lizard girl;426839
cowman;49985
raccoon girl;188895
squid girl;203812
merman;29380
shuhan;3285
sheep girl;235643
mature;48132
navel fuck;109417
ass expansion;108271
josou seme;1226618
horse boy;79582
gasmask;46919
growth;193010
dark sclera;956937
mouse girl;126333
ear fuck;132680
petrification;361459
big vagina;184208
misc;3355
wet clothes;944312
misakitou;11446
trampling;89311
multiple arms;213256
insect girl;323489
spider girl;206822
uncle;140062
haruharu dou;15064
ponygirl;27858
balls expansion;113431
kazefuki poni;4945
balljob;85433
chiyou yoyuchi;21230
gyaru-oh;2858816
sample;91122
mine mura;30759
scrotal lingerie;172085
aji ponntarou;23316
kappa;55410
akigami satoru;25271
a kyokufuri;71947
unusual teeth;1409601
kiyomiya ryou;12131
big lips;819604
levi;3639
kakucho parts;38104
furry;136308
webtoon;1591819
clothed paizuri;1704994
dickgirls only;980188
bald;6226654
clamp;239753
shaved head;685273
horse girl;59401
3d;15654
gigantic breasts;173337
old lady;124975
horse cock;212517
kemonomimi;13745954
beauty mark;16152861
closed eyes;646768
monoeye;45433
kindergarten uniform;75206
yukkuri;1619
nudity only;190304
ponytail;28228031
harness;652662
twintails;24677945
clothed female nude male;1474015
horns;6974723
clothed male nude female;667499
hidden sex;5087009
thick eyebrows;1230584
fishnets;1809537
ari and mura;5533
pixie cut;2229204
leash;1635554
low scat;441863
makeup;311722
small penis;1785019
omorashi;146475
kigurumi;39219
vtuber;930281
tail;5956753
comic;235212
sarashi;73597
large tattoo;597878
no penetration;1887393
variant set;95429
hair buns;2948596
redraw;140722
gloves;10453269
facial hair;1831189
goudoushi;349413
cumflation;1762631
tailphagia;39595
soushuuhen;737564
nijisanji;158037
drill hair;609333
clone;381298
domination loss;1417129
petplay;859250
shimaidon;1446091
unusual insertions;91066
youngster;1923
ryoko yoshida;454
focus anal;1465989
totoyama keiji;2115
feng min;1112
aumann;584
aumanzureedus;584
kokumaro chouseitounyuu;584
mashumaro;884
osenbei no mori;789
near;104
forced exposure;282048
tonarino esuichi;1682
mesugaki;7665
tasomorera;922
wada wau;1439
demia duodectet;948
thies;948
ryuusei;2233
dorachefu;3220
tomoshibi;122
salome;1476
tatsuka;2178
shiki be careful;1390
very long hair;1261846
hololive;93894
mmm threesome;127448
doujinshi;7534
hiramedousa;623
mouth mask;680508
sketch lines;30476
fff threesome;66313
stirrup legwear;124958
multimouth blowjob;489963
focus blowjob;228170
spider;14841
clit insertion;10551
burping;67172
sheep boy;1346
apparel bukkake;42007
insect boy;50
ariyuzi;1067
ariyuuji;1067
lacatation;7466
adventitious vagina;7183
adventitious mouth;841
adventitious penis;3260
grandfather;6530
lizard guy;6837
dummy kaiko;1742
takasaki jiro;225
ttt threesome;20593
circle takaya;495
silk koharuno;451
vivienne ohtori;451
ssbbw;3311
raccoon boy;6347
animegao;58146
vorevore;821
mesuiki;322102
western imageset;948
mochinchi;5453
hiropons;624
cuntbusting;2630
vorefection;664
melonbooks;4738
how to;827
cockslapping;9523
tomatorice;2589
yutto prime;2388
multiple straddling;32192
kneepit sex;8867
mori tanishi;2077
tanizoko jikkenshitsu;2077
otter girl;3350
eruu;1213
yuuki chizuco;11189
eye-covering bang;302292
realporn;230
maturbation;924
matsushima aiko;45
wajima24;3575
hijab;4146
shirasaka miyu;26
dismantling;849
shuroop;4679
rairu tobaru;3991
fujishima kousuke fx;49
fuziemon;200
hacka doll no.0;2617
anal intercourse;939785
nyowawa;748
legjob;8767
hatten tojounin;911
seinyanko gakuen;823
analphagia;2495
hood;4918
masani sadakichi;718
bunbuku nagi;1647
qow;1689
shark girl;46066
virginneko;37729
animated;58600
zinkurou;1358
dinosaur;666
ero hige circle;693
bat girl;4041
deer girl;1500
onaka pants koubou;3024
denki anma;3835
turtle;208
ayase mio;3074
big muscles;7453
nishiki ai;1923
maggot;698
penis birth;6072
kouboku;394
headless;4330
mute;11041
internal urination;36101
multiple handjob;4637
cockphagia;295
panda girl;1921
tomikadou;2723
widower;19698
muscle growth;67
gakuen saimin reido;1081
5505 project;2250
bonbi;3239
ayashi yachiyo;4066
bear girl;1647
sockjob;2454
caption;1826
shade no urahime;186
multipanel sequence;34100
focus paizuri;38600
hirotake neo;2163
hako no naka no imaginary;93
nego blood;137
breast reduction;40754
multiple orgasms;73178
masturbtion;1408
afks;158
mujin hangetsuban bakudan;1341
time travel tondekeman;76
unicorn;1281
western cg;5166
western non-h;849
momomo gasshuukoku;2958
mashiba kenta;53
kyun ja;598
tarcho;598
yurayura;227
okmonook;291
kozakura nagiha;63
nagise yuito;63
mame hikouki;241
hatomame coffee;241
sekigetsu meguru;191
wakiyaku ni koso ai;191
honjou tatami;4043
albino;1575
natsukawa kagari;296
monkey girl;2076
gomuta;148
sugu owaru.;148
school gym uniform;9159
ssbbm;3304
ayase mizuki;71
togishiro yoshitaka;71
uchuu-jin tanaka tarou;155
circle ojisan;852
fujii tooru;102
kitaichi naco;296
chikumaya;125
fox;717
aburitoro salmon o kawari;312
low guro;411
totorina;855
yakumo ryojin;356
akaimelon;4709
gyoumuin a;547
deluxe kougyou;547
seisha ryuso;2942
cappuccino;511
tonari toyama;190
kamenoashi;151
frog girl;1308
sway;714
shiromaru;194
afro;8
chinpan;2199
moriyama inu;98
siruto;1426
dakimakura;1854
reptile;319
cow;4163
multiple footjob;858
kuki isu;27
chitsu kara liver;32
tokyo kumitaisou-gumi;30
koyama hayato;96
little note;319
suzunashi rei;319
jikken b-tou;3933
tawashi;4805
gan sukii;412
ishihara norihiro;70
maou dante;21
yorozu company;69
tachibana ruri;69
enami nao;43
shizaki tsukiyo;43
ore teki doremi e;54
arurukaana7a;46
toorisugari kari;55
okemaruta;28
masaru;748
oosaki;3243
hirobi;1687
pai genji;680
haigure;23932
headphones;21332
dolphin;1664
salad oil;59
wsplus;44
parareyukicchu;85
shizukuno reyu;85
fujiwarake;79
masuta;79
aoto kage;2586
mitsume no mitsumame;17006
yoikorogashi;17006
stealthcraftwork;831
stealth koubou;203
myuu;23
biscuitone;594
uyuu;1927
cervix prolapse;7198
yumiko;141
mokko;426
mouse boy;750
satotsuki chiyo;798
misuke;256
tranformation;490
gijinka;889
mugen murasaki;36
mentoru;1967
walkure;106
kien-biu;336
taimanin;12327
nakamura kafka;853
ak-alfa;704
fliming;1511
sudou raikuu;1181
hanairo spoon;2717
syunka kikaku;1991
syunkarow;1991
megumi fushiguro;239
sukuna;239
loon koubou;65
maripaka;31
karmin;14
rudeus greyrat;1155
tori seisakusho;64
asatsuki aoi;23
tornado;1660
a.w.u;906
mash.;53
turisasu;4067
straitjacket;132
yo o shinobu;1171
kouun ryuusui;25
shiragi mana;21
yongo;21
shiokaze toride;696
artist torika;59
carter;59
micchi;59
shiga hanako;59
yukino makoto;59
capsaicin;73
futaba channel;73
kazaoka;73
kuremente;73
shioimo;73
sokushi;73
tasuke seinyuu;73
tenkoinu;73
torotei;73
tsuruga;73
unya;73
unyakun;73
niwaka daimyou;47
donmaikingdom;426
yariyo;426
skeb;552
qiujun;222
hogback;970
moomin;21
kudou maimu;2894
taiyou no nishi;68
seishokuki;591
hoshina shinya;772
oishinbo;347
doujinharuga;503
ryuuguu;2484
story circle;670
rasenkyofukaku;1867
dan oniroku;355
reizouko oolong;1760
reizouko uron;1760
murai toyo;548
gamanuntaka;548
fujii kasai;128
rayzhai;926
puppen;22
tokakukaku;569
mahomaho;2068
mahomaho koubou;2068
mizuiro penra;383
arisawa touta;19
haru-chan kikaku;45
murakami harumasa;70
juki kazu;25
shirasaki karu;2298
dogaya;280
kakunini;596
onigunsow;1164
shio oninko;1164
funasshi;35
dr.mad;8
nagahama kenji;8
missile sisters;15
gg top;9
sunbulkyn;205
